{"cameraMode":{"drawMode":0,"name":"Shaded","section":"Shading Mode"},"sceneLighting":true,"audioPlay":false,"sceneViewState":{"showFog":true,"showMaterialUpdate":false,"showSkybox":true,"showFlares":true,"showImageEffects":true,"showParticleSystems":true,"showVisualEffectGraphs":true,"m_FxEnabled":true},"in2DMode":false,"pivot":{"x":45.312408447265628,"y":-24.571956634521486,"z":-97.62689208984375},"rotation":{"x":0.021277623251080514,"y":0.9785068035125732,"z":-0.15420779585838319,"w":0.13501879572868348},"size":47.957008361816409,"orthographic":false}