{"cameraMode":{"drawMode":0,"name":"Shaded","section":"Shading Mode"},"sceneLighting":false,"audioPlay":false,"sceneViewState":{"showFog":true,"showMaterialUpdate":false,"showSkybox":true,"showFlares":true,"showImageEffects":true,"showParticleSystems":true,"showVisualEffectGraphs":true,"m_FxEnabled":true},"in2DMode":false,"pivot":{"x":572.3201904296875,"y":1305.818603515625,"z":225.1779327392578},"rotation":{"x":0.15068365633487702,"y":-0.003829884808510542,"z":0.0018885433673858643,"w":0.9885694980621338},"size":1276.2330322265625,"orthographic":false}