{"cameraMode":{"drawMode":0,"name":"Shaded","section":"Shading Mode"},"sceneLighting":false,"audioPlay":false,"sceneViewState":{"showFog":true,"showMaterialUpdate":false,"showSkybox":false,"showFlares":true,"showImageEffects":true,"showParticleSystems":true,"showVisualEffectGraphs":true,"m_FxEnabled":true},"in2DMode":false,"pivot":{"x":-1.920035719871521,"y":-8.336065292358399,"z":79.47687530517578},"rotation":{"x":0.058757755905389789,"y":-0.018281809985637666,"z":0.0013170999009162188,"w":0.9980027079582214},"size":44.799076080322269,"orthographic":false}