{"cameraMode":{"drawMode":0,"name":"Shaded","section":"Shading Mode"},"sceneLighting":false,"audioPlay":false,"sceneViewState":{"showFog":true,"showMaterialUpdate":false,"showSkybox":false,"showFlares":true,"showImageEffects":true,"showParticleSystems":true,"showVisualEffectGraphs":true,"m_FxEnabled":true},"in2DMode":false,"pivot":{"x":81.55746459960938,"y":19.078832626342775,"z":132.79063415527345},"rotation":{"x":0.060946349054574969,"y":0.9329712986946106,"z":-0.18887531757354737,"w":0.29997169971466067},"size":35.37129592895508,"orthographic":false}