{"cameraMode":{"drawMode":0,"name":"Shaded","section":"Shading Mode"},"sceneLighting":false,"audioPlay":false,"sceneViewState":{"showFog":true,"showMaterialUpdate":false,"showSkybox":false,"showFlares":true,"showImageEffects":true,"showParticleSystems":true,"showVisualEffectGraphs":true,"m_FxEnabled":true},"in2DMode":false,"pivot":{"x":0.25218963623046877,"y":0.27465853095054629,"z":0.5571108460426331},"rotation":{"x":-0.04701954126358032,"y":-0.812700092792511,"z":0.0662260502576828,"w":-0.5770030617713928},"size":0.7806114554405212,"orthographic":false}