{"cameraMode":{"drawMode":0,"name":"Shaded","section":"Shading Mode"},"sceneLighting":false,"audioPlay":false,"sceneViewState":{"showFog":true,"showMaterialUpdate":false,"showSkybox":false,"showFlares":true,"showImageEffects":true,"showParticleSystems":true,"showVisualEffectGraphs":true,"m_FxEnabled":true},"in2DMode":false,"pivot":{"x":1.1920928955078126e-7,"y":0.15015777945518495,"z":-0.0000036954879760742189},"rotation":{"x":-0.04701954126358032,"y":-0.812700092792511,"z":0.0662260502576828,"w":-0.5770030617713928},"size":1.4151047468185425,"orthographic":false}