{"cameraMode":{"drawMode":0,"name":"Shaded","section":"Shading Mode"},"sceneLighting":false,"audioPlay":false,"sceneViewState":{"showFog":false,"showMaterialUpdate":false,"showSkybox":false,"showFlares":false,"showImageEffects":false,"showParticleSystems":false,"showVisualEffectGraphs":true,"m_FxEnabled":true},"in2DMode":false,"pivot":{"x":1.1859244108200074,"y":-0.028485849499702455,"z":-0.6313416957855225},"rotation":{"x":-0.005750649143010378,"y":0.9905450940132141,"z":-0.034340500831604007,"w":-0.13324542343616486},"size":1.1167232990264893,"orthographic":false}