{"cameraMode":{"drawMode":0,"name":"Shaded","section":"Shading Mode"},"sceneLighting":false,"audioPlay":false,"sceneViewState":{"showFog":false,"showMaterialUpdate":false,"showSkybox":false,"showFlares":false,"showImageEffects":false,"showParticleSystems":false,"showVisualEffectGraphs":true,"m_FxEnabled":true},"in2DMode":false,"pivot":{"x":-0.301619291305542,"y":0.7483572363853455,"z":0.4304701089859009},"rotation":{"x":-0.010683665052056313,"y":0.24649667739868165,"z":-0.001832424197345972,"w":-0.9692061543464661},"size":1.8400592803955079,"orthographic":false}